INSDC_id	UCSC_name	Ensembl_name
CM000663.2	chr1	1
CM000664.2	chr2	2
CM000665.2	chr3	3
CM000666.2	chr4	4
CM000667.2	chr5	5
CM000668.2	chr6	6
CM000669.2	chr7	7
CM000670.2	chr8	8
CM000671.2	chr9	9
CM000672.2	chr10	10
CM000673.2	chr11	11
CM000674.2	chr12	12
CM000675.2	chr13	13
CM000676.2	chr14	14
CM000677.2	chr15	15
CM000678.2	chr16	16
CM000679.2	chr17	17
CM000680.2	chr18	18
CM000681.2	chr19	19
CM000682.2	chr20	20
CM000683.2	chr21	21
CM000684.2	chr22	22
CM000685.2	chrX	X
CM000686.2	chrY	Y
GJ211836.1	\N	KI270300.1
GJ211837.1	\N	KI270301.1
GJ211855.1	\N	KI270319.1
GJ211857.1	\N	KI270321.1
GJ211860.1	\N	KI270325.1
GJ211866.1	\N	KI270327.1
GJ211867.1	\N	KI270328.1
GJ211871.1	\N	KI270332.1
GJ211881.1	\N	KI270342.1
GJ211882.1	\N	KI270343.1
GJ211883.1	\N	KI270344.1
GJ211884.1	\N	KI270345.1
GJ211886.1	\N	KI270347.1
GJ211887.1	\N	KI270348.1
GJ211904.2	\N	KI270365.1
GJ211906.2	\N	KI270367.1
GJ211907.1	\N	KI270368.1
GJ211908.1	\N	KI270369.1
GJ211909.1	\N	KI270377.1
GJ211929.1	\N	KI270397.1
GJ211930.1	\N	KI270408.1
GJ211932.1	\N	KI270409.1
GJ211933.1	\N	KI270410.1
GJ211936.1	\N	KI270413.1
GJ211938.1	\N	KI270416.1
GJ211943.1	\N	KI270421.1
GJ211948.1	\N	KI270426.1
GJ211949.1	\N	KI270427.1
GJ211954.1	\N	KI270432.1
GJ211955.2	\N	KI270433.1
GJ211961.2	\N	KI270439.1
GJ211962.2	\N	KI270440.1
GJ211963.2	\N	KI270441.1
GJ211965.2	\N	KI270443.1
GJ211967.2	\N	KI270445.1
GJ211968.2	\N	KI270446.1
GJ211969.2	\N	KI270447.1
GJ211972.2	\N	KI270450.1
GJ211986.2	\N	KI270464.1
GJ211991.2	\N	KI270469.1
GJ211992.2	\N	KI270470.1
GJ211998.2	\N	KI270476.1
GJ211999.2	\N	KI270477.1
GJ212000.2	\N	KI270478.1
GJ212002.2	\N	KI270480.1
GJ212004.2	\N	KI270482.1
GJ212005.2	\N	KI270483.1
GJ212006.2	\N	KI270484.1
GJ212009.2	\N	KI270487.1
GJ212023.2	\N	KI270501.1
GJ212028.2	\N	KI270506.1
GJ212036.1	\N	KI270514.1
GJ212042.1	\N	KI270520.1
GJ212045.1	\N	KI270523.1
GJ212046.1	\N	KI270526.1
GJ212051.1	\N	KI270531.1
GJ212053.1	\N	KI270533.1
GJ212054.1	\N	KI270534.1
GJ212055.1	\N	KI270535.1
GJ212060.1	\N	KI270540.1
GJ212062.1	\N	KI270542.1
GJ212066.1	\N	KI270546.1
GJ212067.1	\N	KI270547.1
GJ212069.1	\N	KI270549.1
GJ212071.1	\N	KI270551.1
GJ212072.2	\N	KI270552.1
GJ212077.2	\N	KI270557.1
GJ212091.1	\N	KI270571.1
GJ212093.1	\N	KI270573.1
GJ212095.1	\N	KI270575.1
GJ212105.1	\N	KI270585.1
GJ212107.1	\N	KI270586.1
GJ212117.1	\N	KI270596.1
GJ212118.2	\N	KI270620.1
GJ212124.2	\N	KI270626.1
GJ212125.2	\N	KI270627.1
GJ212126.2	\N	KI270628.1
GJ212128.2	\N	KI270630.1
GJ212130.2	\N	KI270632.1
GJ212131.2	\N	KI270633.1
GJ212132.2	\N	KI270634.1
GJ212135.2	\N	KI270637.1
GJ212149.2	\N	KI270651.1
GJ212154.2	\N	KI270656.1
GJ212155.2	\N	KI270663.1
GJ212161.2	\N	KI270669.1
GJ212162.2	\N	KI270670.1
GJ212163.2	\N	KI270671.1
GJ212165.2	\N	KI270673.1
GJ212167.2	\N	KI270675.1
GJ212168.2	\N	KI270676.1
GJ212169.2	\N	KI270677.1
GJ212172.2	\N	KI270680.1
GJ212186.2	\N	KI270694.1
GJ212191.2	\N	KI270699.1
GJ212192.1	\N	KI270704.1
GJ212193.1	\N	KI270705.1
GJ212194.1	\N	KI270370.1
GJ212201.1	\N	KI866538.1
GJ212202.1	\N	KI866532.1
GJ212203.1	\N	KI866533.1
GJ212204.1	\N	KI866539.1
GJ212205.1	\N	KI866534.1
GJ212206.1	\N	KI866535.1
GJ212207.1	\N	KI866540.1
GJ212208.1	\N	KI866541.1
GJ212209.1	\N	KI866542.1
GJ212210.1	\N	KI866536.1
GJ212211.1	\N	KI866537.1
GL000001.2	\N	GL000001.2
GL000002.2	\N	GL000002.2
GL000006.2	\N	GL000006.2
GL000008.2	chr4_GL000008v2_random	GL000008.2
GL000009.2	chr14_GL000009v2_random	GL000009.2
GL000016.2	\N	GL000016.2
GL000018.2	\N	GL000018.2
GL000022.2	\N	GL000022.2
GL000024.2	\N	GL000024.2
GL000026.2	\N	GL000026.2
GL000029.2	\N	GL000029.2
GL000033.2	\N	GL000033.2
GL000035.2	\N	GL000035.2
GL000038.2	\N	GL000038.2
GL000039.2	\N	GL000039.2
GL000040.2	\N	GL000040.2
GL000042.2	\N	GL000042.2
GL000043.1	\N	GL000043.1
GL000044.2	\N	GL000044.2
GL000046.2	\N	GL000046.2
GL000047.2	\N	GL000047.2
GL000049.2	\N	GL000049.2
GL000050.2	\N	GL000050.2
GL000051.2	\N	GL000051.2
GL000052.2	\N	GL000052.2
GL000054.2	\N	GL000054.2
GL000055.2	\N	GL000055.2
GL000057.2	\N	GL000057.2
GL000058.2	\N	GL000058.2
GL000059.2	\N	GL000059.2
GL000062.2	\N	GL000062.2
GL000063.2	\N	GL000063.2
GL000064.2	\N	GL000064.2
GL000066.2	\N	GL000066.2
GL000067.2	\N	GL000067.2
GL000069.2	\N	GL000069.2
GL000074.2	\N	GL000074.2
GL000078.1	\N	GL000078.1
GL000080.2	\N	GL000080.2
GL000084.1	\N	GL000084.1
GL000086.2	\N	GL000086.2
GL000089.2	\N	GL000089.2
GL000093.2	\N	GL000093.2
GL000099.2	\N	GL000099.2
GL000101.2	\N	GL000101.2
GL000103.2	\N	GL000103.2
GL000104.2	\N	GL000104.2
GL000105.2	\N	GL000105.2
GL000106.2	\N	GL000106.2
GL000107.2	\N	GL000107.2
GL000110.2	\N	GL000110.2
GL000111.2	\N	GL000111.2
GL000112.2	\N	GL000112.2
GL000113.2	\N	GL000113.2
GL000115.2	\N	GL000115.2
GL000116.2	\N	GL000116.2
GL000117.2	\N	GL000117.2
GL000119.2	\N	GL000119.2
GL000121.2	\N	GL000121.2
GL000124.2	\N	GL000124.2
GL000125.2	\N	GL000125.2
GL000126.2	\N	GL000126.2
GL000128.2	\N	GL000128.2
GL000129.2	\N	GL000129.2
GL000130.2	\N	GL000130.2
GL000132.2	\N	GL000132.2
GL000133.2	\N	GL000133.2
GL000134.2	\N	GL000134.2
GL000135.2	\N	GL000135.2
GL000139.2	\N	GL000139.2
GL000140.2	\N	GL000140.2
GL000141.2	\N	GL000141.2
GL000142.2	\N	GL000142.2
GL000143.2	\N	GL000143.2
GL000145.1	\N	GL000145.1
GL000146.1	\N	GL000146.1
GL000147.1	\N	GL000147.1
GL000148.1	\N	GL000148.1
GL000150.2	\N	GL000150.2
GL000151.2	\N	GL000151.2
GL000155.2	\N	GL000155.2
GL000156.2	\N	GL000156.2
GL000163.2	\N	GL000163.2
GL000164.2	\N	GL000164.2
GL000167.2	\N	GL000167.2
GL000169.2	\N	GL000169.2
GL000170.2	\N	GL000170.2
GL000171.2	\N	GL000171.2
GL000172.2	\N	GL000172.2
GL000176.2	\N	GL000176.2
GL000180.2	\N	GL000180.2
GL000181.2	\N	GL000181.2
GL000182.2	\N	GL000182.2
GL000183.1	\N	GL000183.1
GL000184.2	\N	GL000184.2
GL000185.2	\N	GL000185.2
GL000186.2	\N	GL000186.2
GL000187.1	\N	GL000187.1
GL000188.2	\N	GL000188.2
GL000189.1	\N	GL000189.1
GL000190.2	\N	GL000190.2
GL000194.1	chr14_GL000194v1_random	GL000194.1
GL000195.1	chrUn_GL000195v1	GL000195.1
GL000198.2	\N	GL000198.2
GL000199.1	\N	GL000199.1
GL000205.2	chr17_GL000205v2_random	GL000205.2
GL000208.1	chr5_GL000208v1_random	GL000208.1
GL000209.2	chr19_GL000209v2_alt	HSCHR19KIR_RP5_B_HAP_CTG3_1
GL000211.2	\N	GL000211.2
GL000212.1	\N	GL000212.1
GL000213.1	chrUn_GL000213v1	GL000213.1
GL000214.1	chrUn_GL000214v1	GL000214.1
GL000216.2	chrUn_GL000216v2	GL000216.2
GL000217.2	\N	GL000217.2
GL000218.1	chrUn_GL000218v1	GL000218.1
GL000219.1	chrUn_GL000219v1	GL000219.1
GL000220.1	chrUn_GL000220v1	GL000220.1
GL000221.1	chr3_GL000221v1_random	GL000221.1
GL000224.1	chrUn_GL000224v1	GL000224.1
GL000225.1	chr14_GL000225v1_random	GL000225.1
GL000226.1	chrUn_GL000226v1	GL000226.1
GL000233.2	\N	GL000233.2
GL000235.1	\N	GL000235.1
GL000236.1	\N	GL000236.1
GL000237.2	\N	GL000237.2
GL000240.1	\N	GL000240.1
GL000241.1	\N	GL000241.1
GL000243.1	\N	GL000243.1
GL000244.1	\N	GL000244.1
GL000245.1	\N	GL000245.1
GL000250.2	chr6_GL000250v2_alt	HSCHR6_MHC_APD_CTG1
GL000251.2	chr6_GL000251v2_alt	HSCHR6_MHC_COX_CTG1
GL000252.2	chr6_GL000252v2_alt	HSCHR6_MHC_DBB_CTG1
GL000253.2	chr6_GL000253v2_alt	HSCHR6_MHC_MANN_CTG1
GL000254.2	chr6_GL000254v2_alt	HSCHR6_MHC_MCF_CTG1
GL000255.2	chr6_GL000255v2_alt	HSCHR6_MHC_QBL_CTG1
GL000256.2	chr6_GL000256v2_alt	HSCHR6_MHC_SSTO_CTG1
GL000257.2	chr4_GL000257v2_alt	HSCHR4_1_CTG9
GL000258.2	chr17_GL000258v2_alt	HSCHR17_1_CTG5
GL339449.2	chr5_GL339449v2_alt	HSCHR5_2_CTG1_1
GL383518.1	chr1_GL383518v1_alt	HSCHR1_1_CTG31
GL383519.1	chr1_GL383519v1_alt	HSCHR1_2_CTG31
GL383520.2	chr1_GL383520v2_alt	HSCHR1_3_CTG31
GL383521.1	chr2_GL383521v1_alt	HSCHR2_1_CTG5
GL383522.1	chr2_GL383522v1_alt	HSCHR2_1_CTG7_2
GL383526.1	chr3_GL383526v1_alt	HSCHR3_1_CTG2_1
GL383527.1	chr4_GL383527v1_alt	HSCHR4_1_CTG12
GL383528.1	chr4_GL383528v1_alt	HSCHR4_1_CTG6
GL383530.1	chr5_GL383530v1_alt	HSCHR5_3_CTG1_1
GL383531.1	chr5_GL383531v1_alt	HSCHR5_1_CTG5
GL383532.1	chr5_GL383532v1_alt	HSCHR5_1_CTG1
GL383533.1	chr6_GL383533v1_alt	HSCHR6_1_CTG2
GL383534.2	chr7_GL383534v2_alt	HSCHR7_1_CTG6
GL383539.1	chr9_GL383539v1_alt	HSCHR9_1_CTG1
GL383540.1	chr9_GL383540v1_alt	HSCHR9_1_CTG2
GL383541.1	chr9_GL383541v1_alt	HSCHR9_1_CTG3
GL383542.1	chr9_GL383542v1_alt	HSCHR9_1_CTG4
GL383545.1	chr10_GL383545v1_alt	HSCHR10_1_CTG1
GL383546.1	chr10_GL383546v1_alt	HSCHR10_1_CTG2
GL383547.1	chr11_GL383547v1_alt	HSCHR11_1_CTG1_1
GL383549.1	chr12_GL383549v1_alt	HSCHR12_1_CTG2
GL383550.2	chr12_GL383550v2_alt	HSCHR12_1_CTG2_1
GL383551.1	chr12_GL383551v1_alt	HSCHR12_4_CTG2_1
GL383552.1	chr12_GL383552v1_alt	HSCHR12_2_CTG2_1
GL383553.2	chr12_GL383553v2_alt	HSCHR12_3_CTG2_1
GL383554.1	chr15_GL383554v1_alt	HSCHR15_1_CTG8
GL383555.2	chr15_GL383555v2_alt	HSCHR15_2_CTG8
GL383556.1	chr16_GL383556v1_alt	HSCHR16_1_CTG3_1
GL383557.1	chr16_GL383557v1_alt	HSCHR16_2_CTG3_1
GL383563.3	chr17_GL383563v3_alt	HSCHR17_1_CTG1
GL383564.2	chr17_GL383564v2_alt	HSCHR17_1_CTG4
GL383565.1	chr17_GL383565v1_alt	HSCHR17_2_CTG4
GL383566.1	chr17_GL383566v1_alt	HSCHR17_3_CTG4
GL383567.1	chr18_GL383567v1_alt	HSCHR18_1_CTG1_1
GL383568.1	chr18_GL383568v1_alt	HSCHR18_1_CTG2
GL383569.1	chr18_GL383569v1_alt	HSCHR18_1_CTG2_1
GL383570.1	chr18_GL383570v1_alt	HSCHR18_2_CTG1_1
GL383571.1	chr18_GL383571v1_alt	HSCHR18_2_CTG2
GL383572.1	chr18_GL383572v1_alt	HSCHR18_2_CTG2_1
GL383573.1	chr19_GL383573v1_alt	HSCHR19_1_CTG2
GL383574.1	chr19_GL383574v1_alt	HSCHR19_1_CTG3_1
GL383575.2	chr19_GL383575v2_alt	HSCHR19_2_CTG2
GL383576.1	chr19_GL383576v1_alt	HSCHR19_3_CTG2
GL383577.2	chr20_GL383577v2_alt	HSCHR20_1_CTG1
GL383578.2	chr21_GL383578v2_alt	HSCHR21_1_CTG1_1
GL383579.2	chr21_GL383579v2_alt	HSCHR21_2_CTG1_1
GL383580.2	chr21_GL383580v2_alt	HSCHR21_3_CTG1_1
GL383581.2	chr21_GL383581v2_alt	HSCHR21_4_CTG1_1
GL383582.2	chr22_GL383582v2_alt	HSCHR22_1_CTG1
GL383583.2	chr22_GL383583v2_alt	HSCHR22_1_CTG2
GL582966.2	chr2_GL582966v2_alt	HSCHR2_2_CTG7_2
GL877875.1	chr12_GL877875v1_alt	HSCHR12_1_CTG1
GL877876.1	chr12_GL877876v1_alt	HSCHR12_2_CTG2
GL949742.1	chr5_GL949742v1_alt	HSCHR5_2_CTG1
GL949746.1	chr19_GL949746v1_alt	HSCHR19LRC_COX1_CTG3_1
GL949747.2	chr19_GL949747v2_alt	HSCHR19LRC_COX2_CTG3_1
GL949748.2	chr19_GL949748v2_alt	HSCHR19LRC_LRC_I_CTG3_1
GL949749.2	chr19_GL949749v2_alt	HSCHR19LRC_LRC_J_CTG3_1
GL949750.2	chr19_GL949750v2_alt	HSCHR19LRC_LRC_S_CTG3_1
GL949751.2	chr19_GL949751v2_alt	HSCHR19LRC_LRC_T_CTG3_1
GL949752.1	chr19_GL949752v1_alt	HSCHR19LRC_PGF1_CTG3_1
GL949753.2	chr19_GL949753v2_alt	HSCHR19LRC_PGF2_CTG3_1
J01415.2	chrM	MT
JH159136.1	chr11_JH159136v1_alt	HG142_HG150_NOVEL_TEST
JH159137.1	chr11_JH159137v1_alt	HG151_NOVEL_TEST
JH159146.1	chr17_JH159146v1_alt	HSCHR17_4_CTG4
JH159147.1	chr17_JH159147v1_alt	HSCHR17_5_CTG4
JH159148.1	chr17_JH159148v1_alt	HSCHR17_6_CTG4
JH636055.2	chr3_JH636055v2_alt	HSCHR3_1_CTG1
KB021644.2	chr6_KB021644v2_alt	HSCHR6_1_CTG3
KB663609.1	chr22_KB663609v1_alt	HSCHR22_2_CTG1
KI270299.1	\N	KI270299.1
KI270302.1	chrUn_KI270302v1	KI270302.1
KI270303.1	chrUn_KI270303v1	KI270303.1
KI270304.1	chrUn_KI270304v1	KI270304.1
KI270305.1	chrUn_KI270305v1	KI270305.1
KI270307.1	\N	KI270307.1
KI270308.1	\N	KI270308.1
KI270309.1	\N	KI270309.1
KI270310.1	chrUn_KI270310v1	KI270310.1
KI270311.1	chrUn_KI270311v1	KI270311.1
KI270312.1	chrUn_KI270312v1	KI270312.1
KI270313.1	\N	KI270313.1
KI270314.1	\N	KI270314.1
KI270315.1	chrUn_KI270315v1	KI270315.1
KI270316.1	chrUn_KI270316v1	KI270316.1
KI270317.1	chrUn_KI270317v1	KI270317.1
KI270318.1	\N	KI270318.1
KI270320.1	chrUn_KI270320v1	KI270320.1
KI270322.1	chrUn_KI270322v1	KI270322.1
KI270323.1	\N	KI270323.1
KI270324.1	\N	KI270324.1
KI270326.1	\N	KI270326.1
KI270329.1	chrUn_KI270329v1	KI270329.1
KI270330.1	chrUn_KI270330v1	KI270330.1
KI270331.1	\N	KI270331.1
KI270333.1	chrUn_KI270333v1	KI270333.1
KI270334.1	chrUn_KI270334v1	KI270334.1
KI270335.1	chrUn_KI270335v1	KI270335.1
KI270336.1	chrUn_KI270336v1	KI270336.1
KI270337.1	chrUn_KI270337v1	KI270337.1
KI270338.1	chrUn_KI270338v1	KI270338.1
KI270339.1	\N	KI270339.1
KI270340.1	chrUn_KI270340v1	KI270340.1
KI270346.1	\N	KI270346.1
KI270362.1	chrUn_KI270362v1	KI270362.1
KI270363.1	chrUn_KI270363v1	KI270363.1
KI270364.1	chrUn_KI270364v1	KI270364.1
KI270366.1	chrUn_KI270366v1	KI270366.1
KI270371.1	chrUn_KI270371v1	KI270371.1
KI270372.1	chrUn_KI270372v1	KI270372.1
KI270373.1	chrUn_KI270373v1	KI270373.1
KI270374.1	chrUn_KI270374v1	KI270374.1
KI270375.1	chrUn_KI270375v1	KI270375.1
KI270376.1	chrUn_KI270376v1	KI270376.1
KI270378.1	chrUn_KI270378v1	KI270378.1
KI270379.1	chrUn_KI270379v1	KI270379.1
KI270380.1	\N	KI270380.1
KI270381.1	chrUn_KI270381v1	KI270381.1
KI270382.1	chrUn_KI270382v1	KI270382.1
KI270383.1	chrUn_KI270383v1	KI270383.1
KI270384.1	chrUn_KI270384v1	KI270384.1
KI270385.1	chrUn_KI270385v1	KI270385.1
KI270386.1	chrUn_KI270386v1	KI270386.1
KI270387.1	chrUn_KI270387v1	KI270387.1
KI270388.1	chrUn_KI270388v1	KI270388.1
KI270389.1	chrUn_KI270389v1	KI270389.1
KI270390.1	chrUn_KI270390v1	KI270390.1
KI270391.1	chrUn_KI270391v1	KI270391.1
KI270392.1	chrUn_KI270392v1	KI270392.1
KI270393.1	chrUn_KI270393v1	KI270393.1
KI270394.1	chrUn_KI270394v1	KI270394.1
KI270395.1	chrUn_KI270395v1	KI270395.1
KI270396.1	chrUn_KI270396v1	KI270396.1
KI270398.1	\N	KI270398.1
KI270399.1	\N	KI270399.1
KI270400.1	\N	KI270400.1
KI270401.1	\N	KI270401.1
KI270402.1	\N	KI270402.1
KI270403.1	\N	KI270403.1
KI270404.1	\N	KI270404.1
KI270405.1	\N	KI270405.1
KI270406.1	\N	KI270406.1
KI270407.1	\N	KI270407.1
KI270411.1	chrUn_KI270411v1	KI270411.1
KI270412.1	chrUn_KI270412v1	KI270412.1
KI270414.1	chrUn_KI270414v1	KI270414.1
KI270417.1	chrUn_KI270417v1	KI270417.1
KI270418.1	chrUn_KI270418v1	KI270418.1
KI270419.1	chrUn_KI270419v1	KI270419.1
KI270420.1	chrUn_KI270420v1	KI270420.1
KI270422.1	chrUn_KI270422v1	KI270422.1
KI270423.1	chrUn_KI270423v1	KI270423.1
KI270424.1	chrUn_KI270424v1	KI270424.1
KI270425.1	chrUn_KI270425v1	KI270425.1
KI270428.1	\N	KI270428.1
KI270429.1	chrUn_KI270429v1	KI270429.1
KI270430.1	\N	KI270430.1
KI270431.1	\N	KI270431.1
KI270434.1	\N	KI270434.1
KI270435.1	chrUn_KI270435v1	KI270435.1
KI270436.1	\N	KI270436.1
KI270438.1	chrUn_KI270438v1	KI270438.1
KI270442.1	chrUn_KI270442v1	KI270442.1
KI270448.1	chrUn_KI270448v1	KI270448.1
KI270449.1	\N	KI270449.1
KI270465.1	chrUn_KI270465v1	KI270465.1
KI270466.1	chrUn_KI270466v1	KI270466.1
KI270467.1	chrUn_KI270467v1	KI270467.1
KI270468.1	chrUn_KI270468v1	KI270468.1
KI270473.1	\N	KI270473.1
KI270486.1	\N	KI270486.1
KI270507.1	chrUn_KI270507v1	KI270507.1
KI270508.1	chrUn_KI270508v1	KI270508.1
KI270509.1	chrUn_KI270509v1	KI270509.1
KI270510.1	chrUn_KI270510v1	KI270510.1
KI270511.1	chrUn_KI270511v1	KI270511.1
KI270512.1	chrUn_KI270512v1	KI270512.1
KI270513.1	\N	KI270513.1
KI270515.1	chrUn_KI270515v1	KI270515.1
KI270516.1	chrUn_KI270516v1	KI270516.1
KI270517.1	chrUn_KI270517v1	KI270517.1
KI270518.1	chrUn_KI270518v1	KI270518.1
KI270519.1	chrUn_KI270519v1	KI270519.1
KI270521.1	chrUn_KI270521v1	KI270521.1
KI270522.1	chrUn_KI270522v1	KI270522.1
KI270524.1	\N	KI270524.1
KI270525.1	\N	KI270525.1
KI270527.1	\N	KI270527.1
KI270528.1	chrUn_KI270528v1	KI270528.1
KI270529.1	chrUn_KI270529v1	KI270529.1
KI270530.1	chrUn_KI270530v1	KI270530.1
KI270532.1	\N	KI270532.1
KI270536.1	\N	KI270536.1
KI270537.1	\N	KI270537.1
KI270538.1	chrUn_KI270538v1	KI270538.1
KI270539.1	chrUn_KI270539v1	KI270539.1
KI270541.1	\N	KI270541.1
KI270543.1	\N	KI270543.1
KI270544.1	chrUn_KI270544v1	KI270544.1
KI270545.1	\N	KI270545.1
KI270548.1	chrUn_KI270548v1	KI270548.1
KI270550.1	\N	KI270550.1
KI270572.1	\N	KI270572.1
KI270574.1	\N	KI270574.1
KI270577.1	\N	KI270577.1
KI270578.1	\N	KI270578.1
KI270579.1	chrUn_KI270579v1	KI270579.1
KI270580.1	chrUn_KI270580v1	KI270580.1
KI270581.1	chrUn_KI270581v1	KI270581.1
KI270582.1	chrUn_KI270582v1	KI270582.1
KI270583.1	chrUn_KI270583v1	KI270583.1
KI270584.1	chrUn_KI270584v1	KI270584.1
KI270587.1	chrUn_KI270587v1	KI270587.1
KI270588.1	chrUn_KI270588v1	KI270588.1
KI270589.1	chrUn_KI270589v1	KI270589.1
KI270590.1	chrUn_KI270590v1	KI270590.1
KI270591.1	chrUn_KI270591v1	KI270591.1
KI270592.1	\N	KI270592.1
KI270593.1	chrUn_KI270593v1	KI270593.1
KI270595.1	\N	KI270595.1
KI270597.1	\N	KI270597.1
KI270598.1	\N	KI270598.1
KI270599.1	\N	KI270599.1
KI270600.1	\N	KI270600.1
KI270601.1	\N	KI270601.1
KI270602.1	\N	KI270602.1
KI270603.1	\N	KI270603.1
KI270604.1	\N	KI270604.1
KI270605.1	\N	KI270605.1
KI270606.1	\N	KI270606.1
KI270607.1	\N	KI270607.1
KI270608.1	\N	KI270608.1
KI270609.1	\N	KI270609.1
KI270610.1	\N	KI270610.1
KI270611.1	\N	KI270611.1
KI270612.1	\N	KI270612.1
KI270613.1	\N	KI270613.1
KI270614.1	\N	KI270614.1
KI270615.1	\N	KI270615.1
KI270616.1	\N	KI270616.1
KI270617.1	\N	KI270617.1
KI270618.1	\N	KI270618.1
KI270619.1	\N	KI270619.1
KI270657.1	\N	KI270657.1
KI270658.1	\N	KI270658.1
KI270659.1	\N	KI270659.1
KI270660.1	\N	KI270660.1
KI270661.1	\N	KI270661.1
KI270662.1	\N	KI270662.1
KI270700.1	\N	KI270700.1
KI270701.1	\N	KI270701.1
KI270702.1	\N	KI270702.1
KI270703.1	\N	KI270703.1
KI270706.1	chr1_KI270706v1_random	KI270706.1
KI270707.1	chr1_KI270707v1_random	KI270707.1
KI270708.1	chr1_KI270708v1_random	KI270708.1
KI270709.1	chr1_KI270709v1_random	KI270709.1
KI270710.1	chr1_KI270710v1_random	KI270710.1
KI270711.1	chr1_KI270711v1_random	KI270711.1
KI270712.1	chr1_KI270712v1_random	KI270712.1
KI270713.1	chr1_KI270713v1_random	KI270713.1
KI270714.1	chr1_KI270714v1_random	KI270714.1
KI270715.1	chr2_KI270715v1_random	KI270715.1
KI270716.1	chr2_KI270716v1_random	KI270716.1
KI270717.1	chr9_KI270717v1_random	KI270717.1
KI270718.1	chr9_KI270718v1_random	KI270718.1
KI270719.1	chr9_KI270719v1_random	KI270719.1
KI270720.1	chr9_KI270720v1_random	KI270720.1
KI270721.1	chr11_KI270721v1_random	KI270721.1
KI270722.1	chr14_KI270722v1_random	KI270722.1
KI270723.1	chr14_KI270723v1_random	KI270723.1
KI270724.1	chr14_KI270724v1_random	KI270724.1
KI270725.1	chr14_KI270725v1_random	KI270725.1
KI270726.1	chr14_KI270726v1_random	KI270726.1
KI270727.1	chr15_KI270727v1_random	KI270727.1
KI270728.1	chr16_KI270728v1_random	KI270728.1
KI270729.1	chr17_KI270729v1_random	KI270729.1
KI270730.1	chr17_KI270730v1_random	KI270730.1
KI270731.1	chr22_KI270731v1_random	KI270731.1
KI270732.1	chr22_KI270732v1_random	KI270732.1
KI270733.1	chr22_KI270733v1_random	KI270733.1
KI270734.1	chr22_KI270734v1_random	KI270734.1
KI270735.1	chr22_KI270735v1_random	KI270735.1
KI270736.1	chr22_KI270736v1_random	KI270736.1
KI270737.1	chr22_KI270737v1_random	KI270737.1
KI270738.1	chr22_KI270738v1_random	KI270738.1
KI270739.1	chr22_KI270739v1_random	KI270739.1
KI270740.1	chrY_KI270740v1_random	KI270740.1
KI270741.1	chrUn_KI270741v1	KI270741.1
KI270742.1	chrUn_KI270742v1	KI270742.1
KI270743.1	chrUn_KI270743v1	KI270743.1
KI270744.1	chrUn_KI270744v1	KI270744.1
KI270745.1	chrUn_KI270745v1	KI270745.1
KI270746.1	chrUn_KI270746v1	KI270746.1
KI270747.1	chrUn_KI270747v1	KI270747.1
KI270748.1	chrUn_KI270748v1	KI270748.1
KI270749.1	chrUn_KI270749v1	KI270749.1
KI270750.1	chrUn_KI270750v1	KI270750.1
KI270751.1	chrUn_KI270751v1	KI270751.1
KI270752.1	chrUn_KI270752v1	KI270752.1
KI270753.1	chrUn_KI270753v1	KI270753.1
KI270754.1	chrUn_KI270754v1	KI270754.1
KI270755.1	chrUn_KI270755v1	KI270755.1
KI270756.1	chrUn_KI270756v1	KI270756.1
KI270757.1	chrUn_KI270757v1	KI270757.1
KI270758.1	chr6_KI270758v1_alt	HSCHR6_8_CTG1
KI270759.1	chr1_KI270759v1_alt	HSCHR1_1_CTG32_1
KI270760.1	chr1_KI270760v1_alt	HSCHR1_1_CTG11
KI270761.1	chr1_KI270761v1_alt	HSCHR1_2_CTG32_1
KI270762.1	chr1_KI270762v1_alt	HSCHR1_1_CTG3
KI270763.1	chr1_KI270763v1_alt	HSCHR1_3_CTG32_1
KI270764.1	chr1_KI270764v1_alt	HSCHR1_4_CTG32_1
KI270765.1	chr1_KI270765v1_alt	HSCHR1_4_CTG31
KI270766.1	chr1_KI270766v1_alt	HSCHR1_2_CTG3
KI270767.1	chr2_KI270767v1_alt	HSCHR2_1_CTG15
KI270768.1	chr2_KI270768v1_alt	HSCHR2_3_CTG7_2
KI270769.1	chr2_KI270769v1_alt	HSCHR2_1_CTG1
KI270770.1	chr2_KI270770v1_alt	HSCHR2_2_CTG1
KI270771.1	chr2_KI270771v1_alt	HSCHR2_4_CTG7_2
KI270772.1	chr2_KI270772v1_alt	HSCHR2_1_CTG7
KI270773.1	chr2_KI270773v1_alt	HSCHR2_3_CTG1
KI270774.1	chr2_KI270774v1_alt	HSCHR2_4_CTG1
KI270775.1	chr2_KI270775v1_alt	HSCHR2_5_CTG7_2
KI270776.1	chr2_KI270776v1_alt	HSCHR2_3_CTG15
KI270777.1	chr3_KI270777v1_alt	HSCHR3_2_CTG2_1
KI270778.1	chr3_KI270778v1_alt	HSCHR3_3_CTG2_1
KI270779.1	chr3_KI270779v1_alt	HSCHR3_1_CTG3
KI270780.1	chr3_KI270780v1_alt	HSCHR3_4_CTG2_1
KI270781.1	chr3_KI270781v1_alt	HSCHR3_5_CTG2_1
KI270782.1	chr3_KI270782v1_alt	HSCHR3_2_CTG3
KI270783.1	chr3_KI270783v1_alt	HSCHR3_3_CTG1
KI270784.1	chr3_KI270784v1_alt	HSCHR3_9_CTG3
KI270785.1	chr4_KI270785v1_alt	HSCHR4_2_CTG12
KI270786.1	chr4_KI270786v1_alt	HSCHR4_3_CTG12
KI270787.1	chr4_KI270787v1_alt	HSCHR4_1_CTG8_1
KI270788.1	chr4_KI270788v1_alt	HSCHR4_4_CTG12
KI270789.1	chr4_KI270789v1_alt	HSCHR4_5_CTG12
KI270790.1	chr4_KI270790v1_alt	HSCHR4_1_CTG4
KI270791.1	chr5_KI270791v1_alt	HSCHR5_3_CTG1
KI270792.1	chr5_KI270792v1_alt	HSCHR5_4_CTG1
KI270793.1	chr5_KI270793v1_alt	HSCHR5_5_CTG1
KI270794.1	chr5_KI270794v1_alt	HSCHR5_6_CTG1
KI270795.1	chr5_KI270795v1_alt	HSCHR5_2_CTG5
KI270796.1	chr5_KI270796v1_alt	HSCHR5_4_CTG1_1
KI270797.1	chr6_KI270797v1_alt	HSCHR6_1_CTG4
KI270798.1	chr6_KI270798v1_alt	HSCHR6_1_CTG5
KI270799.1	chr6_KI270799v1_alt	HSCHR6_1_CTG6
KI270800.1	chr6_KI270800v1_alt	HSCHR6_1_CTG7
KI270801.1	chr6_KI270801v1_alt	HSCHR6_1_CTG8
KI270802.1	chr6_KI270802v1_alt	HSCHR6_1_CTG9
KI270803.1	chr7_KI270803v1_alt	HSCHR7_2_CTG6
KI270804.1	chr7_KI270804v1_alt	HSCHR7_1_CTG1
KI270805.1	chr7_KI270805v1_alt	HSCHR7_1_CTG7
KI270806.1	chr7_KI270806v1_alt	HSCHR7_1_CTG4_4
KI270807.1	chr7_KI270807v1_alt	HSCHR7_2_CTG7
KI270808.1	chr7_KI270808v1_alt	HSCHR7_3_CTG6
KI270809.1	chr7_KI270809v1_alt	HSCHR7_2_CTG4_4
KI270810.1	chr8_KI270810v1_alt	HSCHR8_1_CTG7
KI270811.1	chr8_KI270811v1_alt	HSCHR8_1_CTG1
KI270812.1	chr8_KI270812v1_alt	HSCHR8_2_CTG1
KI270813.1	chr8_KI270813v1_alt	HSCHR8_3_CTG1
KI270814.1	chr8_KI270814v1_alt	HSCHR8_1_CTG6
KI270815.1	chr8_KI270815v1_alt	HSCHR8_2_CTG7
KI270816.1	chr8_KI270816v1_alt	HSCHR8_3_CTG7
KI270817.1	chr8_KI270817v1_alt	HSCHR8_4_CTG7
KI270818.1	chr8_KI270818v1_alt	HSCHR8_4_CTG1
KI270819.1	chr8_KI270819v1_alt	HSCHR8_5_CTG7
KI270820.1	chr8_KI270820v1_alt	HSCHR8_6_CTG7
KI270821.1	chr8_KI270821v1_alt	HSCHR8_8_CTG1
KI270822.1	chr8_KI270822v1_alt	HSCHR8_9_CTG1
KI270823.1	chr9_KI270823v1_alt	HSCHR9_1_CTG5
KI270824.1	chr10_KI270824v1_alt	HSCHR10_1_CTG3
KI270825.1	chr10_KI270825v1_alt	HSCHR10_1_CTG4
KI270826.1	chr11_KI270826v1_alt	HSCHR11_1_CTG2
KI270827.1	chr11_KI270827v1_alt	HSCHR11_1_CTG3
KI270829.1	chr11_KI270829v1_alt	HSCHR11_1_CTG5
KI270830.1	chr11_KI270830v1_alt	HSCHR11_1_CTG6
KI270831.1	chr11_KI270831v1_alt	HSCHR11_1_CTG7
KI270832.1	chr11_KI270832v1_alt	HSCHR11_1_CTG8
KI270833.1	chr12_KI270833v1_alt	HSCHR12_5_CTG2_1
KI270834.1	chr12_KI270834v1_alt	HSCHR12_6_CTG2_1
KI270835.1	chr12_KI270835v1_alt	HSCHR12_4_CTG2
KI270836.1	chr12_KI270836v1_alt	HSCHR12_7_CTG2_1
KI270837.1	chr12_KI270837v1_alt	HSCHR12_5_CTG2
KI270838.1	chr13_KI270838v1_alt	HSCHR13_1_CTG1
KI270839.1	chr13_KI270839v1_alt	HSCHR13_1_CTG2
KI270840.1	chr13_KI270840v1_alt	HSCHR13_1_CTG3
KI270841.1	chr13_KI270841v1_alt	HSCHR13_1_CTG4
KI270842.1	chr13_KI270842v1_alt	HSCHR13_1_CTG5
KI270843.1	chr13_KI270843v1_alt	HSCHR13_1_CTG6
KI270844.1	chr14_KI270844v1_alt	HSCHR14_1_CTG1
KI270845.1	chr14_KI270845v1_alt	HSCHR14_2_CTG1
KI270846.1	chr14_KI270846v1_alt	HSCHR14_3_CTG1
KI270847.1	chr14_KI270847v1_alt	HSCHR14_7_CTG1
KI270848.1	chr15_KI270848v1_alt	HSCHR15_1_CTG3
KI270849.1	chr15_KI270849v1_alt	HSCHR15_3_CTG8
KI270850.1	chr15_KI270850v1_alt	HSCHR15_5_CTG8
KI270851.1	chr15_KI270851v1_alt	HSCHR15_3_CTG3
KI270852.1	chr15_KI270852v1_alt	HSCHR15_1_CTG1
KI270853.1	chr16_KI270853v1_alt	HSCHR16_1_CTG1
KI270854.1	chr16_KI270854v1_alt	HSCHR16_CTG2
KI270855.1	chr16_KI270855v1_alt	HSCHR16_3_CTG1
KI270856.1	chr16_KI270856v1_alt	HSCHR16_4_CTG1
KI270857.1	chr17_KI270857v1_alt	HSCHR17_7_CTG4
KI270858.1	chr17_KI270858v1_alt	HSCHR17_8_CTG4
KI270859.1	chr17_KI270859v1_alt	HSCHR17_9_CTG4
KI270860.1	chr17_KI270860v1_alt	HSCHR17_1_CTG9
KI270861.1	chr17_KI270861v1_alt	HSCHR17_1_CTG2
KI270862.1	chr17_KI270862v1_alt	HSCHR17_2_CTG2
KI270863.1	chr18_KI270863v1_alt	HSCHR18_3_CTG2_1
KI270864.1	chr18_KI270864v1_alt	HSCHR18_4_CTG1_1
KI270865.1	chr19_KI270865v1_alt	HSCHR19_4_CTG2
KI270866.1	chr19_KI270866v1_alt	HSCHR19_2_CTG3_1
KI270867.1	chr19_KI270867v1_alt	HSCHR19_3_CTG3_1
KI270868.1	chr19_KI270868v1_alt	HSCHR19_5_CTG2
KI270869.1	chr20_KI270869v1_alt	HSCHR20_1_CTG2
KI270870.1	chr20_KI270870v1_alt	HSCHR20_1_CTG3
KI270871.1	chr20_KI270871v1_alt	HSCHR20_1_CTG4
KI270872.1	chr21_KI270872v1_alt	HSCHR21_5_CTG2
KI270873.1	chr21_KI270873v1_alt	HSCHR21_6_CTG1_1
KI270874.1	chr21_KI270874v1_alt	HSCHR21_8_CTG1_1
KI270875.1	chr22_KI270875v1_alt	HSCHR22_1_CTG3
KI270876.1	chr22_KI270876v1_alt	HSCHR22_1_CTG4
KI270877.1	chr22_KI270877v1_alt	HSCHR22_1_CTG5
KI270878.1	chr22_KI270878v1_alt	HSCHR22_1_CTG6
KI270879.1	chr22_KI270879v1_alt	HSCHR22_1_CTG7
KI270880.1	chrX_KI270880v1_alt	HSCHRX_1_CTG3
KI270881.1	chrX_KI270881v1_alt	HSCHRX_2_CTG12
KI270882.1	chr19_KI270882v1_alt	HSCHR19KIR_FH15_B_HAP_CTG3_1
KI270883.1	chr19_KI270883v1_alt	HSCHR19KIR_G085_A_HAP_CTG3_1
KI270884.1	chr19_KI270884v1_alt	HSCHR19KIR_G085_BA1_HAP_CTG3_1
KI270885.1	chr19_KI270885v1_alt	HSCHR19KIR_G248_A_HAP_CTG3_1
KI270886.1	chr19_KI270886v1_alt	HSCHR19KIR_G248_BA2_HAP_CTG3_1
KI270887.1	chr19_KI270887v1_alt	HSCHR19KIR_GRC212_AB_HAP_CTG3_1
KI270888.1	chr19_KI270888v1_alt	HSCHR19KIR_GRC212_BA1_HAP_CTG3_1
KI270889.1	chr19_KI270889v1_alt	HSCHR19KIR_LUCE_A_HAP_CTG3_1
KI270890.1	chr19_KI270890v1_alt	HSCHR19KIR_LUCE_BDEL_HAP_CTG3_1
KI270891.1	chr19_KI270891v1_alt	HSCHR19KIR_RSH_A_HAP_CTG3_1
KI270892.1	chr1_KI270892v1_alt	HSCHR1_ALT2_1_CTG32_1
KI270893.1	chr2_KI270893v1_alt	HSCHR2_2_CTG15
KI270894.1	chr2_KI270894v1_alt	HSCHR2_2_CTG7
KI270895.1	chr3_KI270895v1_alt	HSCHR3_3_CTG3
KI270896.1	chr4_KI270896v1_alt	HSCHR4_6_CTG12
KI270897.1	chr5_KI270897v1_alt	HSCHR5_1_CTG1_1
KI270898.1	chr5_KI270898v1_alt	HSCHR5_3_CTG5
KI270899.1	chr7_KI270899v1_alt	HSCHR7_2_CTG1
KI270900.1	chr8_KI270900v1_alt	HSCHR8_5_CTG1
KI270901.1	chr8_KI270901v1_alt	HSCHR8_6_CTG1
KI270902.1	chr11_KI270902v1_alt	HSCHR11_2_CTG1
KI270903.1	chr11_KI270903v1_alt	HSCHR11_2_CTG1_1
KI270904.1	chr12_KI270904v1_alt	HSCHR12_3_CTG2
KI270905.1	chr15_KI270905v1_alt	HSCHR15_4_CTG8
KI270906.1	chr15_KI270906v1_alt	HSCHR15_2_CTG3
KI270907.1	chr17_KI270907v1_alt	HSCHR17_2_CTG1
KI270908.1	chr17_KI270908v1_alt	HSCHR17_2_CTG5
KI270909.1	chr17_KI270909v1_alt	HSCHR17_10_CTG4
KI270910.1	chr17_KI270910v1_alt	HSCHR17_3_CTG2
KI270911.1	chr18_KI270911v1_alt	HSCHR18_ALT2_CTG2_1
KI270912.1	chr18_KI270912v1_alt	HSCHR18_ALT21_CTG2_1
KI270913.1	chrX_KI270913v1_alt	HSCHRX_2_CTG3
KI270914.1	chr19_KI270914v1_alt	HSCHR19KIR_RSH_BA2_HAP_CTG3_1
KI270915.1	chr19_KI270915v1_alt	HSCHR19KIR_T7526_A_HAP_CTG3_1
KI270916.1	chr19_KI270916v1_alt	HSCHR19KIR_T7526_BDEL_HAP_CTG3_1
KI270917.1	chr19_KI270917v1_alt	HSCHR19KIR_ABC08_A1_HAP_CTG3_1
KI270918.1	chr19_KI270918v1_alt	HSCHR19KIR_ABC08_AB_HAP_C_P_CTG3_1
KI270919.1	chr19_KI270919v1_alt	HSCHR19KIR_ABC08_AB_HAP_T_P_CTG3_1
KI270920.1	chr19_KI270920v1_alt	HSCHR19KIR_FH05_A_HAP_CTG3_1
KI270921.1	chr19_KI270921v1_alt	HSCHR19KIR_FH05_B_HAP_CTG3_1
KI270922.1	chr19_KI270922v1_alt	HSCHR19KIR_FH06_A_HAP_CTG3_1
KI270923.1	chr19_KI270923v1_alt	HSCHR19KIR_FH06_BA1_HAP_CTG3_1
KI270924.1	chr3_KI270924v1_alt	HSCHR3_4_CTG3
KI270925.1	chr4_KI270925v1_alt	HSCHR4_7_CTG12
KI270926.1	chr8_KI270926v1_alt	HSCHR8_7_CTG1
KI270927.1	chr11_KI270927v1_alt	HSCHR11_3_CTG1
KI270928.1	chr22_KI270928v1_alt	HSCHR22_3_CTG1
KI270929.1	chr19_KI270929v1_alt	HSCHR19KIR_FH08_A_HAP_CTG3_1
KI270930.1	chr19_KI270930v1_alt	HSCHR19KIR_FH08_BAX_HAP_CTG3_1
KI270931.1	chr19_KI270931v1_alt	HSCHR19KIR_FH13_A_HAP_CTG3_1
KI270932.1	chr19_KI270932v1_alt	HSCHR19KIR_FH13_BA2_HAP_CTG3_1
KI270933.1	chr19_KI270933v1_alt	HSCHR19KIR_FH15_A_HAP_CTG3_1
KI270934.1	chr3_KI270934v1_alt	HSCHR3_5_CTG3
KI270935.1	chr3_KI270935v1_alt	HSCHR3_6_CTG3
KI270936.1	chr3_KI270936v1_alt	HSCHR3_7_CTG3
KI270937.1	chr3_KI270937v1_alt	HSCHR3_8_CTG3
KI270938.1	chr19_KI270938v1_alt	HSCHR19_4_CTG3_1
KN196472.1	\N	HG986_PATCH
KN196473.1	\N	HG2058_PATCH
KN196474.1	\N	HG2104_PATCH
KN196475.1	\N	HG2066_PATCH
KN196476.1	\N	HG2022_PATCH
KN196477.1	\N	HSCHR5_7_CTG1
KN196478.1	\N	HG2128_PATCH
KN196479.1	\N	HG2030_PATCH
KN196480.1	\N	HG2191_PATCH
KN196481.1	\N	HG2217_PATCH
KN196482.1	\N	HG23_PATCH
KN196483.1	\N	HG2216_PATCH
KN196484.1	\N	HG2021_PATCH
KN196485.1	\N	HSCHR22_4_CTG1
KN196486.1	\N	HSCHR22_5_CTG1
KN196487.1	\N	HG2062_PATCH
KN538360.1	\N	HG1832_PATCH
KN538361.1	\N	HG2095_PATCH
KN538362.1	\N	HG2233_PATCH
KN538363.1	\N	HG2232_PATCH
KN538364.1	\N	HG126_PATCH
KN538365.1	\N	HG2241_PATCH
KN538366.1	\N	HG2242_HG2243_PATCH
KN538367.1	\N	HG2244_HG2245_PATCH
KN538368.1	\N	HSCHR11_1_CTG1_2
KN538369.1	\N	HG1362_PATCH
KN538370.1	\N	HG2247_PATCH
KN538371.1	\N	HG2288_HG2289_PATCH
KN538372.1	\N	HG2291_PATCH
KN538373.1	\N	HG2249_PATCH
KQ031383.1	\N	HG1342_HG2282_PATCH
KQ031384.1	\N	HG2290_PATCH
KQ031385.1	\N	HG2235_PATCH
KQ031386.1	\N	HG2237_PATCH
KQ031387.1	\N	HG1651_PATCH
KQ031388.1	\N	HG2239_PATCH
KQ031389.1	\N	HSCHR15_6_CTG8
KQ031390.1	\N	HSCHR16_3_CTG3_1
KQ090013.1	\N	HSCHR4_2_CTG4
KQ090014.1	\N	HSCHR4_8_CTG12
KQ090015.1	\N	HSCHR4_9_CTG12
KQ090016.1	\N	HG2072_PATCH
KQ090017.1	\N	HSCHR6_1_CTG10
KQ090018.1	\N	HSCHR9_1_CTG6
KQ090019.1	\N	HSCHR9_1_CTG7
KQ090020.1	\N	HSCHR10_1_CTG6
KQ090021.1	\N	HG2334_PATCH
KQ090022.1	\N	HG2116_PATCH
KQ090023.1	\N	HSCHR12_2_CTG1
KQ090024.1	\N	HSCHR13_1_CTG7
KQ090025.1	\N	HSCHR13_1_CTG8
KQ090026.1	\N	HSCHR16_5_CTG1
KQ090027.1	\N	HSCHR16_4_CTG3_1
KQ090028.1	\N	HG2213_PATCH
KQ458382.1	\N	HSCHR1_3_CTG3
KQ458383.1	\N	HSCHR1_4_CTG3
KQ458384.1	\N	HSCHR1_5_CTG32_1
KQ458385.1	\N	HSCHR18_5_CTG1_1
KQ458386.1	\N	HG26_PATCH
KQ458387.1	\N	HSCHR22_6_CTG1
KQ458388.1	\N	HSCHR22_7_CTG1
NC_012920	\N	NC_012920
